[{"model": "sports.league", "pk": 1, "fields": {"name": "NHL"}}, {"model": "sports.league", "pk": 2, "fields": {"name": "NBA"}}, {"model": "sports.league", "pk": 3, "fields": {"name": "MLB"}}, {"model": "sports.league", "pk": 4, "fields": {"name": "NFL"}}, {"model": "sports.team", "pk": 2, "fields": {"league": 2, "name": "Toronto-Raptors"}}, {"model": "sports.team", "pk": 3, "fields": {"league": 3, "name": "Toronto-Blue-Jays"}}, {"model": "sports.team", "pk": 4, "fields": {"league": 4, "name": "New-England-Patriots"}}, {"model": "sports.team", "pk": 5, "fields": {"league": 1, "name": "Ottawa-Senators"}}, {"model": "sports.team", "pk": 6, "fields": {"league": 1, "name": "Arizona-Coyotes"}}, {"model": "sports.team", "pk": 7, "fields": {"league": 1, "name": "Nashville-Predators"}}, {"model": "sports.team", "pk": 8, "fields": {"league": 1, "name": "Montreal-Canadiens"}}, {"model": "sports.team", "pk": 9, "fields": {"league": 1, "name": "Boston-Bruins"}}, {"model": "sports.team", "pk": 10, "fields": {"league": 1, "name": "Buffalo-Sabres"}}, {"model": "sports.team", "pk": 11, "fields": {"league": 1, "name": "New-Jersey-Devils"}}, {"model": "sports.team", "pk": 12, "fields": {"league": 1, "name": "New-York-Islanders"}}, {"model": "sports.team", "pk": 13, "fields": {"league": 1, "name": "New-York-Rangers"}}, {"model": "sports.team", "pk": 14, "fields": {"league": 1, "name": "Philadelphia-Flyers"}}, {"model": "sports.team", "pk": 15, "fields": {"league": 1, "name": "Pittsburgh-Penguins"}}, {"model": "sports.team", "pk": 16, "fields": {"league": 1, "name": "Washington-Capitals"}}, {"model": "sports.team", "pk": 17, "fields": {"league": 1, "name": "Carolina-Hurricanes"}}, {"model": "sports.team", "pk": 18, "fields": {"league": 1, "name": "Chicago-Blackhawks"}}, {"model": "sports.team", "pk": 19, "fields": {"league": 1, "name": "Columbus-Blue-Jackets"}}, {"model": "sports.team", "pk": 20, "fields": {"league": 1, "name": "Dallas-Stars"}}, {"model": "sports.team", "pk": 21, "fields": {"league": 1, "name": "Detroit-Red-Wings"}}, {"model": "sports.team", "pk": 22, "fields": {"league": 1, "name": "Florida-Panthers"}}, {"model": "sports.team", "pk": 23, "fields": {"league": 1, "name": "Tampa-Bay-Lightning"}}, {"model": "sports.team", "pk": 24, "fields": {"league": 1, "name": "Anaheim-Ducks"}}, {"model": "sports.team", "pk": 25, "fields": {"league": 1, "name": "Colorado-Avalanche"}}, {"model": "sports.team", "pk": 26, "fields": {"league": 1, "name": "Los-Angeles-Kings"}}, {"model": "sports.team", "pk": 27, "fields": {"league": 1, "name": "Minnesota-Wild"}}, {"model": "sports.team", "pk": 28, "fields": {"league": 1, "name": "San-Jose-Sharks"}}, {"model": "sports.team", "pk": 29, "fields": {"league": 1, "name": "St-Louis-Blues"}}, {"model": "sports.team", "pk": 30, "fields": {"league": 1, "name": "Vegas-Golden-Knights"}}, {"model": "sports.team", "pk": 31, "fields": {"league": 1, "name": "Calgary-Flames"}}, {"model": "sports.team", "pk": 32, "fields": {"league": 1, "name": "Edmonton-Oilers"}}, {"model": "sports.team", "pk": 33, "fields": {"league": 1, "name": "Toronto-Maple-Leafs"}}, {"model": "sports.team", "pk": 34, "fields": {"league": 1, "name": "Vancouver-Canucks"}}, {"model": "sports.team", "pk": 35, "fields": {"league": 1, "name": "Winnipeg-Jets"}}, {"model": "sports.team", "pk": 36, "fields": {"league": 2, "name": "Boston-Celtics"}}, {"model": "sports.team", "pk": 37, "fields": {"league": 2, "name": "Brooklyn-Nets"}}, {"model": "sports.team", "pk": 38, "fields": {"league": 2, "name": "New-York-Knicks"}}, {"model": "sports.team", "pk": 39, "fields": {"league": 2, "name": "Philadelphia-76ers"}}, {"model": "sports.team", "pk": 40, "fields": {"league": 2, "name": "Chicago-Bulls"}}, {"model": "sports.team", "pk": 41, "fields": {"league": 2, "name": "Cleveland-Cavaliers"}}, {"model": "sports.team", "pk": 42, "fields": {"league": 2, "name": "Detroit-Pistons"}}, {"model": "sports.team", "pk": 43, "fields": {"league": 2, "name": "Indiana-Pacers"}}, {"model": "sports.team", "pk": 44, "fields": {"league": 2, "name": "Milwaukee-Bucks"}}, {"model": "sports.team", "pk": 45, "fields": {"league": 2, "name": "Atlanta-Hawks"}}, {"model": "sports.team", "pk": 46, "fields": {"league": 2, "name": "Charlotte-Hornets"}}, {"model": "sports.team", "pk": 47, "fields": {"league": 2, "name": "Miami-Heat"}}, {"model": "sports.team", "pk": 48, "fields": {"league": 2, "name": "Orlando-Magic"}}, {"model": "sports.team", "pk": 49, "fields": {"league": 2, "name": "Washington-Wizards"}}, {"model": "sports.team", "pk": 50, "fields": {"league": 2, "name": "Denver-Nuggets"}}, {"model": "sports.team", "pk": 51, "fields": {"league": 2, "name": "Minnesota-Timberwolves"}}, {"model": "sports.team", "pk": 52, "fields": {"league": 2, "name": "Oklahoma-City-Thunder"}}, {"model": "sports.team", "pk": 53, "fields": {"league": 2, "name": "Portland-Trail-Blazers"}}, {"model": "sports.team", "pk": 54, "fields": {"league": 2, "name": "Utah-Jazz"}}, {"model": "sports.team", "pk": 55, "fields": {"league": 2, "name": "Golden-State-Warriors"}}, {"model": "sports.team", "pk": 56, "fields": {"league": 2, "name": "Los-Angeles-Clippers"}}, {"model": "sports.team", "pk": 57, "fields": {"league": 2, "name": "Los-Angeles-Lakers"}}, {"model": "sports.team", "pk": 58, "fields": {"league": 2, "name": "Phoenix-Suns"}}, {"model": "sports.team", "pk": 59, "fields": {"league": 2, "name": "Sacramento-Kings"}}, {"model": "sports.team", "pk": 60, "fields": {"league": 2, "name": "Dallas-Mavericks"}}, {"model": "sports.team", "pk": 61, "fields": {"league": 2, "name": "Houston-Rockets"}}, {"model": "sports.team", "pk": 62, "fields": {"league": 2, "name": "Memphis-Grizzlies"}}, {"model": "sports.team", "pk": 63, "fields": {"league": 2, "name": "New-Orleans-Pelicans"}}, {"model": "sports.team", "pk": 64, "fields": {"league": 2, "name": "San-Antonio-Spurs"}}, {"model": "sports.team", "pk": 65, "fields": {"league": 3, "name": "Arizona-Diamondbacks"}}, {"model": "sports.team", "pk": 66, "fields": {"league": 3, "name": "Atlanta-Braves"}}, {"model": "sports.team", "pk": 67, "fields": {"league": 3, "name": "Baltimore-Orioles"}}, {"model": "sports.team", "pk": 68, "fields": {"league": 3, "name": "Boston-Red-Sox"}}, {"model": "sports.team", "pk": 69, "fields": {"league": 3, "name": "Chicago-White-Sox"}}, {"model": "sports.team", "pk": 70, "fields": {"league": 3, "name": "Chicago-Cubs"}}, {"model": "sports.team", "pk": 71, "fields": {"league": 3, "name": "Cincinnati-Reds"}}, {"model": "sports.team", "pk": 72, "fields": {"league": 3, "name": "Cleveland-Indians"}}, {"model": "sports.team", "pk": 73, "fields": {"league": 3, "name": "Colorado-Rockies"}}, {"model": "sports.team", "pk": 74, "fields": {"league": 3, "name": "Detroit-Tigers"}}, {"model": "sports.team", "pk": 75, "fields": {"league": 3, "name": "Houston-Astros"}}, {"model": "sports.team", "pk": 76, "fields": {"league": 3, "name": "Kansas-City-Royals"}}, {"model": "sports.team", "pk": 77, "fields": {"league": 3, "name": "Los-Angeles-Angels"}}, {"model": "sports.team", "pk": 78, "fields": {"league": 3, "name": "Los-Angeles-Dodgers"}}, {"model": "sports.team", "pk": 79, "fields": {"league": 3, "name": "Miami-Marlins"}}, {"model": "sports.team", "pk": 80, "fields": {"league": 3, "name": "Milwaukee-Brewers"}}, {"model": "sports.team", "pk": 81, "fields": {"league": 3, "name": "Minnesota-Twins"}}, {"model": "sports.team", "pk": 82, "fields": {"league": 3, "name": "New-York-Yankees"}}, {"model": "sports.team", "pk": 83, "fields": {"league": 3, "name": "New-York-Mets"}}, {"model": "sports.team", "pk": 84, "fields": {"league": 3, "name": "Oakland-Athletics"}}, {"model": "sports.team", "pk": 85, "fields": {"league": 3, "name": "Philadelphia-Phillies"}}, {"model": "sports.team", "pk": 86, "fields": {"league": 3, "name": "Pittsburgh-Pirates"}}, {"model": "sports.team", "pk": 87, "fields": {"league": 3, "name": "San-Diego-Padres"}}, {"model": "sports.team", "pk": 88, "fields": {"league": 3, "name": "San-Francisco-Giants"}}, {"model": "sports.team", "pk": 89, "fields": {"league": 3, "name": "Seattle-Mariners"}}, {"model": "sports.team", "pk": 90, "fields": {"league": 3, "name": "St-Louis-Cardinals"}}, {"model": "sports.team", "pk": 91, "fields": {"league": 3, "name": "Tampa-Bay-Rays"}}, {"model": "sports.team", "pk": 92, "fields": {"league": 3, "name": "Texas-Rangers"}}, {"model": "sports.team", "pk": 94, "fields": {"league": 3, "name": "Washington-Nationals"}}, {"model": "sports.team", "pk": 95, "fields": {"league": 4, "name": "Arizona-Cardinals"}}, {"model": "sports.team", "pk": 96, "fields": {"league": 4, "name": "Atlanta-Falcons"}}, {"model": "sports.team", "pk": 97, "fields": {"league": 4, "name": "Baltimore-Ravens"}}, {"model": "sports.team", "pk": 98, "fields": {"league": 4, "name": "Buffalo-Bills"}}, {"model": "sports.team", "pk": 99, "fields": {"league": 4, "name": "Carolina-Panthers"}}, {"model": "sports.team", "pk": 100, "fields": {"league": 4, "name": "Chicago-Bears"}}, {"model": "sports.team", "pk": 101, "fields": {"league": 4, "name": "Cincinnati-Bengals"}}, {"model": "sports.team", "pk": 102, "fields": {"league": 4, "name": "Cleveland-Browns"}}, {"model": "sports.team", "pk": 103, "fields": {"league": 4, "name": "Dallas-Cowboys"}}, {"model": "sports.team", "pk": 104, "fields": {"league": 4, "name": "Denver-Broncos"}}, {"model": "sports.team", "pk": 105, "fields": {"league": 4, "name": "Detroit-Lions"}}, {"model": "sports.team", "pk": 106, "fields": {"league": 4, "name": "Green-Bay-Packers"}}, {"model": "sports.team", "pk": 107, "fields": {"league": 4, "name": "Houston-Texans"}}, {"model": "sports.team", "pk": 108, "fields": {"league": 4, "name": "Indianapolis-Colts"}}, {"model": "sports.team", "pk": 109, "fields": {"league": 4, "name": "Jacksonville-Jaguars"}}, {"model": "sports.team", "pk": 110, "fields": {"league": 4, "name": "Kansas-City-Chiefs"}}, {"model": "sports.team", "pk": 111, "fields": {"league": 4, "name": "Las-Vegas-Raiders"}}, {"model": "sports.team", "pk": 112, "fields": {"league": 4, "name": "Los-Angeles-Chargers"}}, {"model": "sports.team", "pk": 113, "fields": {"league": 4, "name": "Los-Angeles-Rams"}}, {"model": "sports.team", "pk": 114, "fields": {"league": 4, "name": "Miami-Dolphins"}}, {"model": "sports.team", "pk": 115, "fields": {"league": 4, "name": "Minnesota-Vikings"}}, {"model": "sports.team", "pk": 116, "fields": {"league": 4, "name": "New-Orleans-Saints"}}, {"model": "sports.team", "pk": 117, "fields": {"league": 4, "name": "New-York-Giants"}}, {"model": "sports.team", "pk": 118, "fields": {"league": 4, "name": "New-York-Jets"}}, {"model": "sports.team", "pk": 119, "fields": {"league": 4, "name": "Philadelphia-Eagles"}}, {"model": "sports.team", "pk": 120, "fields": {"league": 4, "name": "Pittsburgh-Steelers"}}, {"model": "sports.team", "pk": 121, "fields": {"league": 4, "name": "San-Francisco-49ers"}}, {"model": "sports.team", "pk": 122, "fields": {"league": 4, "name": "Seattle-Seahawks"}}, {"model": "sports.team", "pk": 123, "fields": {"league": 4, "name": "Tampa-Bay-Buccaneers"}}, {"model": "sports.team", "pk": 124, "fields": {"league": 4, "name": "Tennessee-Titans"}}, {"model": "sports.team", "pk": 125, "fields": {"league": 4, "name": "Washington-Football-Team"}}, {"model": "sports.season", "pk": 1, "fields": {"year": "2020-2021", "team": [2, 3, 4, 5, 6, 7, 8, 9, 10, 11, 12, 13, 14, 15, 16, 17, 18, 19, 20, 21, 22, 23, 24, 25, 26, 27, 28, 30, 31, 32, 33, 34, 35]}}, {"model": "sports.season", "pk": 2, "fields": {"year": "2019-2020", "team": [2, 3, 4, 5, 6, 7, 8, 9, 10, 11, 12, 13, 14, 15, 16, 17, 18, 19, 20, 21, 22, 23, 24, 25, 26, 27, 28, 29, 30, 31, 32, 33, 34, 35, 36, 37, 38, 39, 40, 41, 42, 43, 44, 45, 46, 47, 48, 49, 50, 51, 52, 53, 54, 55, 56, 57, 58, 59, 60, 61, 62, 63, 64, 65, 66, 67, 68, 69, 70, 71, 72, 73, 74, 75, 76, 77, 78, 79, 80, 81, 82, 83, 84, 85, 86, 87, 88, 89, 90, 91, 92, 94, 95, 96, 97, 98, 99, 100, 101, 102, 103, 104, 105, 106, 107, 108, 109, 110, 111, 112, 113, 114, 115, 116, 117, 118, 119, 120, 121, 122, 123, 124, 125]}}, {"model": "sports.season", "pk": 3, "fields": {"year": "2018-2019", "team": [2, 3, 4, 5, 6, 7, 8, 9, 10, 11, 12, 13, 14, 15, 16, 17, 18, 19, 20, 21, 22, 23, 24, 25, 26, 27, 28, 29, 30, 31, 32, 33, 34, 35, 36, 37, 38, 39, 40, 41, 42, 43, 44, 45, 46, 47, 48, 49, 50, 51, 52, 53, 54, 55, 56, 57, 58, 59, 60, 61, 62, 63, 64, 65, 66, 67, 68, 69, 70, 71, 72, 73, 74, 75, 76, 77, 78, 79, 80, 81, 82, 83, 84, 85, 86, 87, 88, 89, 90, 91, 92, 94, 95, 96, 97, 98, 99, 100, 101, 102, 103, 104, 105, 106, 107, 108, 109, 110, 111, 112, 113, 114, 115, 116, 117, 118, 119, 120, 121, 122, 123, 124, 125]}}, {"model": "sports.season", "pk": 4, "fields": {"year": "2017-2018", "team": [2, 5, 6, 7, 8, 9, 10, 11, 12, 13, 14, 15, 16, 17, 18, 19, 20, 21, 22, 23, 24, 25, 26, 27, 28, 30, 31, 32, 33, 34, 35]}}, {"model": "sports.season", "pk": 5, "fields": {"year": "2016-2017", "team": [2, 3, 4, 5, 6, 7, 8, 9, 10, 11, 12, 13, 14, 15, 16, 17, 18, 19, 20, 21, 22, 23, 24, 25, 26, 27, 28, 29, 31, 32, 33, 34, 35, 36, 37, 38, 39, 40, 41, 42, 43, 44, 45, 46, 47, 48, 49, 50, 51, 52, 53, 54, 55, 56, 57, 58, 59, 60, 61, 62, 63, 64, 65, 66, 67, 68, 69, 70, 71, 72, 73, 74, 75, 76, 77, 78, 79, 80, 81, 82, 83, 84, 85, 86, 87, 88, 89, 90, 91, 92, 94, 95, 96, 97, 98, 99, 100, 101, 102, 103, 104, 105, 106, 107, 108, 109, 110, 111, 112, 113, 114, 115, 116, 117, 118, 119, 120, 121, 122, 123, 124, 125]}}, {"model": "sports.season", "pk": 6, "fields": {"year": "2015-2016", "team": [2, 3, 4, 5, 6, 7, 8, 9, 10, 11, 12, 13, 14, 15, 16, 17, 18, 19, 20, 21, 22, 23, 24, 25, 26, 27, 28, 31, 32, 33, 34, 35]}}, {"model": "sports.season", "pk": 7, "fields": {"year": "2014-2015", "team": [2, 3, 4, 5, 6, 7, 8, 9, 10, 11, 12, 13, 14, 15, 16, 17, 18, 19, 20, 21, 22, 23, 24, 25, 26, 27, 28, 31, 32, 33, 34, 35]}}, {"model": "sports.season", "pk": 8, "fields": {"year": "2013-2014", "team": [2, 3, 4, 5, 6, 7, 8, 9, 10, 11, 12, 13, 14, 15, 16, 17, 18, 19, 20, 21, 22, 23, 24, 25, 26, 27, 28, 31, 32, 33, 34, 35]}}, {"model": "sports.season", "pk": 11, "fields": {"year": "2001-2002", "team": [5, 6, 7, 8, 9, 10, 11, 12, 13, 14, 15, 16, 17, 18, 19, 20, 21, 22, 23, 24, 25, 26, 27, 28, 31, 32, 33, 34]}}, {"model": "sports.season", "pk": 12, "fields": {"year": "2005-2006", "team": [5, 6, 7, 8, 9, 10, 11, 12, 13, 14, 15, 16, 17, 18, 19, 20, 21, 22, 23, 24, 25, 26, 27, 28, 31, 32, 33, 34]}}, {"model": "sports.season", "pk": 13, "fields": {"year": "2012-2013", "team": [5, 6, 7, 8, 9, 10, 11, 12, 13, 14, 15, 16, 17, 18, 19, 20, 21, 22, 23, 24, 25, 26, 27, 28, 31, 32, 33, 34, 35]}}, {"model": "sports.season", "pk": 14, "fields": {"year": "1995-1996", "team": [5, 8, 9, 10, 11, 12, 13, 14, 15, 16, 18, 20, 21, 22, 23, 24, 25, 26, 28, 31, 32, 33, 34]}}, {"model": "sports.season", "pk": 15, "fields": {"year": "1998-1999", "team": [5, 6, 7, 8, 9, 10, 11, 12, 13, 14, 15, 16, 17, 18, 20, 21, 22, 23, 24, 25, 26, 28, 31, 32, 33, 34]}}, {"model": "sports.season", "pk": 16, "fields": {"year": "1999-2000", "team": [5, 6, 7, 8, 9, 10, 11, 12, 13, 14, 15, 16, 17, 18, 20, 21, 22, 23, 24, 25, 26, 28, 31, 32, 33, 34]}}, {"model": "sports.season", "pk": 17, "fields": {"year": "1996-1997", "team": [5, 6, 8, 9, 10, 11, 12, 13, 14, 15, 16, 18, 20, 21, 22, 23, 24, 25, 26, 28, 31, 32, 33, 34]}}, {"model": "sports.season", "pk": 18, "fields": {"year": "2011-2012", "team": [5, 6, 7, 8, 9, 10, 11, 12, 13, 14, 15, 16, 17, 18, 19, 20, 21, 22, 23, 24, 25, 26, 27, 28, 31, 32, 33, 34, 35]}}, {"model": "sports.season", "pk": 19, "fields": {"year": "2010-2011", "team": [5, 6, 7, 8, 9, 10, 11, 12, 13, 14, 15, 16, 17, 18, 19, 20, 21, 22, 23, 24, 25, 26, 27, 28, 31, 32, 33, 34]}}, {"model": "sports.season", "pk": 20, "fields": {"year": "2009-2010", "team": [5, 6, 7, 8, 9, 10, 11, 12, 13, 14, 15, 16, 17, 18, 19, 20, 21, 22, 23, 24, 25, 26, 27, 28, 31, 32, 33, 34]}}, {"model": "sports.season", "pk": 21, "fields": {"year": "2008-2009", "team": [5, 6, 7, 8, 9, 10, 11, 12, 13, 14, 15, 16, 17, 18, 19, 20, 21, 22, 23, 24, 25, 26, 27, 28, 31, 32, 33, 34]}}, {"model": "sports.season", "pk": 22, "fields": {"year": "2007-2008", "team": [5, 6, 7, 8, 9, 10, 11, 12, 13, 14, 15, 16, 17, 18, 19, 20, 21, 22, 23, 24, 25, 26, 27, 28, 31, 32, 33, 34]}}, {"model": "sports.season", "pk": 23, "fields": {"year": "2006-2007", "team": [5, 6, 7, 8, 9, 10, 11, 12, 13, 14, 15, 16, 17, 18, 19, 20, 21, 22, 23, 24, 25, 26, 27, 28, 31, 32, 33, 34]}}, {"model": "sports.season", "pk": 24, "fields": {"year": "2004-2005", "team": [5, 8]}}, {"model": "sports.season", "pk": 25, "fields": {"year": "2003-2004", "team": [5, 6, 7, 8, 9, 10, 11, 12, 13, 14, 15, 16, 17, 18, 19, 20, 21, 22, 23, 24, 25, 26, 27, 28, 31, 32, 33, 34]}}, {"model": "sports.season", "pk": 26, "fields": {"year": "2002-2003", "team": [5, 6, 7, 8, 9, 10, 11, 12, 13, 14, 15, 16, 17, 18, 19, 20, 21, 22, 23, 24, 25, 26, 27, 28, 31, 32, 33, 34]}}, {"model": "sports.season", "pk": 27, "fields": {"year": "2000-2001", "team": [5, 6, 7, 8, 9, 10, 11, 12, 13, 14, 15, 16, 17, 18, 19, 20, 21, 22, 23, 24, 25, 26, 27, 28, 31, 32, 33, 34]}}, {"model": "sports.season", "pk": 28, "fields": {"year": "1997-1998", "team": [5, 6, 8, 9, 10, 11, 12, 13, 14, 15, 16, 17, 18, 20, 21, 22, 23, 24, 25, 26, 28, 31, 32, 33, 34]}}, {"model": "sports.season", "pk": 47, "fields": {"year": "1994-1995", "team": [5, 8, 9, 10, 11, 12, 13, 14, 15, 16, 18, 20, 21, 22, 23, 24, 26, 28, 31, 32, 33, 34]}}, {"model": "sports.season", "pk": 48, "fields": {"year": "1993-1994", "team": [5, 8, 9, 10, 11, 12, 13, 14, 15, 16, 18, 20, 21, 22, 23, 24, 26, 28, 31, 32, 33, 34]}}, {"model": "sports.season", "pk": 49, "fields": {"year": "1992-1993", "team": [5, 8, 9, 10, 11, 12, 13, 14, 15, 16, 18, 21, 23, 26, 28, 31, 32, 33, 34]}}, {"model": "sports.season", "pk": 50, "fields": {"year": "1985-1986", "team": [8, 9, 10, 11, 12, 13, 14, 15, 16, 21, 26, 31, 32, 33, 34]}}, {"model": "sports.season", "pk": 51, "fields": {"year": "1991-1992", "team": [8, 9, 10, 11, 12, 13, 14, 15, 16, 18, 21, 26, 28, 31, 32, 33, 34]}}, {"model": "sports.season", "pk": 52, "fields": {"year": "1990-1991", "team": [8, 9, 10, 11, 12, 13, 14, 15, 16, 18, 21, 26, 31, 32, 33, 34]}}, {"model": "sports.season", "pk": 53, "fields": {"year": "1989-1990", "team": [8, 9, 10, 11, 12, 13, 14, 15, 16, 18, 21, 26, 31, 32, 33, 34]}}, {"model": "sports.season", "pk": 54, "fields": {"year": "1988-1989", "team": [8, 9, 10, 11, 12, 13, 14, 15, 16, 18, 21, 26, 31, 32, 33, 34]}}, {"model": "sports.season", "pk": 55, "fields": {"year": "1987-1988", "team": [8, 9, 10, 11, 12, 13, 14, 15, 16, 18, 21, 26, 31, 32, 33, 34]}}, {"model": "sports.season", "pk": 56, "fields": {"year": "1986-1987", "team": [8, 9, 10, 11, 12, 13, 14, 15, 16, 18, 21, 26, 31, 32, 33, 34]}}, {"model": "sports.season", "pk": 57, "fields": {"year": "1984-1985", "team": [8, 9, 10, 11, 12, 13, 14, 15, 16, 21, 26, 31, 32, 33, 34]}}, {"model": "sports.season", "pk": 58, "fields": {"year": "1983-1984", "team": [8, 9, 10, 11, 12, 13, 14, 15, 16, 21, 26, 31, 32, 33, 34]}}, {"model": "sports.season", "pk": 59, "fields": {"year": "1982-1983", "team": [8, 9, 10, 11, 12, 13, 14, 15, 16, 21, 26, 31, 32, 33, 34]}}, {"model": "sports.season", "pk": 60, "fields": {"year": "1981-1982", "team": [8, 9, 10, 12, 13, 14, 15, 16, 21, 26, 31, 32, 33, 34]}}, {"model": "sports.season", "pk": 61, "fields": {"year": "1980-1981", "team": [8, 9, 10, 12, 13, 14, 15, 16, 21, 26, 31, 32, 33, 34]}}, {"model": "sports.season", "pk": 62, "fields": {"year": "1979-1980", "team": [8, 9, 10, 12, 13, 14, 15, 16, 21, 26, 32, 33, 34]}}, {"model": "sports.season", "pk": 63, "fields": {"year": "1978-1979", "team": [8, 9, 10, 12, 13, 14, 15, 16, 21, 26, 32, 33, 34]}}, {"model": "sports.season", "pk": 64, "fields": {"year": "1977-1978", "team": [8, 9, 10, 12, 13, 14, 15, 16, 21, 26, 32, 33, 34]}}, {"model": "sports.season", "pk": 65, "fields": {"year": "1976-1977", "team": [8, 9, 10, 12, 13, 14, 15, 16, 21, 26, 32, 33, 34]}}, {"model": "sports.season", "pk": 66, "fields": {"year": "1975-1976", "team": [8, 9, 10, 12, 13, 14, 15, 16, 21, 26, 32, 33, 34]}}, {"model": "sports.season", "pk": 67, "fields": {"year": "1974-1975", "team": [8, 9, 10, 12, 13, 14, 15, 16, 21, 26, 32, 33, 34]}}, {"model": "sports.season", "pk": 68, "fields": {"year": "1973-1974", "team": [8, 9, 10, 12, 13, 14, 15, 21, 26, 32, 33, 34]}}, {"model": "sports.season", "pk": 69, "fields": {"year": "1972-1973", "team": [8, 9, 10, 12, 13, 14, 15, 21, 26, 33, 34]}}, {"model": "sports.season", "pk": 70, "fields": {"year": "1971-1972", "team": [8, 9, 10, 13, 14, 15, 21, 26, 33, 34]}}, {"model": "sports.season", "pk": 71, "fields": {"year": "1970-1971", "team": [8, 9, 10, 13, 14, 15, 21, 26, 33, 34]}}, {"model": "sports.season", "pk": 72, "fields": {"year": "1969-1970", "team": [8, 9, 13, 14, 15, 21, 26, 33]}}, {"model": "sports.season", "pk": 73, "fields": {"year": "1968-1969", "team": [8, 9, 13, 14, 15, 21, 26, 33]}}, {"model": "sports.season", "pk": 74, "fields": {"year": "1967-1968", "team": [8, 9, 13, 14, 15, 21, 26, 33]}}, {"model": "sports.season", "pk": 75, "fields": {"year": "1966-1967", "team": [8, 9, 13, 21, 33]}}, {"model": "sports.season", "pk": 76, "fields": {"year": "1965-1966", "team": [8, 9, 13, 21, 33]}}, {"model": "sports.season", "pk": 77, "fields": {"year": "1964-1965", "team": [8, 9, 13, 21, 33]}}, {"model": "sports.season", "pk": 78, "fields": {"year": "1963-1964", "team": [8, 9, 13, 21, 33]}}, {"model": "sports.season", "pk": 79, "fields": {"year": "1962-1963", "team": [8, 9, 13, 21, 33]}}, {"model": "sports.season", "pk": 80, "fields": {"year": "1961-1962", "team": [8, 9, 13, 21, 33]}}, {"model": "sports.season", "pk": 81, "fields": {"year": "1960-1961", "team": [8, 9, 13, 21, 33]}}, {"model": "sports.season", "pk": 82, "fields": {"year": "1959-1960", "team": [8, 9, 13, 21, 33]}}, {"model": "sports.season", "pk": 83, "fields": {"year": "1958-1959", "team": [8, 9, 13, 21, 33]}}, {"model": "sports.season", "pk": 84, "fields": {"year": "1957-1958", "team": [8, 9, 13, 21, 33]}}, {"model": "sports.season", "pk": 85, "fields": {"year": "1956-1957", "team": [8, 9, 13, 21, 33]}}, {"model": "sports.season", "pk": 86, "fields": {"year": "1955-1956", "team": [8, 9, 13, 21, 33]}}, {"model": "sports.season", "pk": 87, "fields": {"year": "1954-1955", "team": [8, 9, 13, 21, 33]}}, {"model": "sports.season", "pk": 88, "fields": {"year": "1953-1954", "team": [8, 9, 13, 21, 33]}}, {"model": "sports.season", "pk": 89, "fields": {"year": "1952-1953", "team": [8, 9, 13, 21, 33]}}, {"model": "sports.season", "pk": 90, "fields": {"year": "1951-1952", "team": [8, 9, 13, 21, 33]}}, {"model": "sports.season", "pk": 91, "fields": {"year": "1950-1951", "team": [8, 9, 13, 21, 33]}}, {"model": "sports.season", "pk": 92, "fields": {"year": "1949-1950", "team": [8, 9, 13, 21, 33]}}, {"model": "sports.season", "pk": 93, "fields": {"year": "1948-1949", "team": [8, 9, 13, 21, 33]}}, {"model": "sports.season", "pk": 94, "fields": {"year": "1947-1948", "team": [8, 9, 13, 21, 33]}}, {"model": "sports.season", "pk": 95, "fields": {"year": "1946-1947", "team": [8, 9, 13, 21, 33]}}, {"model": "sports.season", "pk": 96, "fields": {"year": "1945-1946", "team": [8, 9, 13, 21, 33]}}, {"model": "sports.season", "pk": 97, "fields": {"year": "1944-1945", "team": [8, 9, 13, 21, 33]}}, {"model": "sports.season", "pk": 98, "fields": {"year": "1943-1944", "team": [8, 9, 13, 21, 33]}}, {"model": "sports.season", "pk": 99, "fields": {"year": "1942-1943", "team": [8, 9, 13, 21, 33]}}, {"model": "sports.season", "pk": 100, "fields": {"year": "1941-1942", "team": [8, 9, 13, 21, 33]}}, {"model": "sports.season", "pk": 101, "fields": {"year": "1940-1941", "team": [8, 9, 13, 21, 33]}}, {"model": "sports.season", "pk": 102, "fields": {"year": "1939-1940", "team": [8, 9, 13, 21, 33]}}, {"model": "sports.season", "pk": 103, "fields": {"year": "1938-1939", "team": [8, 9, 13, 21, 33]}}, {"model": "sports.season", "pk": 104, "fields": {"year": "1937-1938", "team": [8, 9, 13, 21, 33]}}, {"model": "sports.season", "pk": 105, "fields": {"year": "1936-1937", "team": [8, 9, 13, 21, 33]}}, {"model": "sports.season", "pk": 106, "fields": {"year": "1935-1936", "team": [8, 9, 13, 21, 33]}}, {"model": "sports.season", "pk": 107, "fields": {"year": "1934-1935", "team": [8, 9, 13, 21, 33]}}, {"model": "sports.season", "pk": 108, "fields": {"year": "1933-1934", "team": [8, 9, 13, 21, 33]}}, {"model": "sports.season", "pk": 109, "fields": {"year": "1932-1933", "team": [8, 9, 13, 21, 33]}}, {"model": "sports.season", "pk": 110, "fields": {"year": "1931-1932", "team": [8, 9, 13, 33]}}, {"model": "sports.season", "pk": 111, "fields": {"year": "1930-1931", "team": [8, 9, 13, 33]}}, {"model": "sports.season", "pk": 112, "fields": {"year": "1929-1930", "team": [8, 9, 13, 33]}}, {"model": "sports.season", "pk": 113, "fields": {"year": "1928-1929", "team": [8, 9, 13, 33]}}, {"model": "sports.season", "pk": 114, "fields": {"year": "1927-1928", "team": [8, 9, 13, 33]}}, {"model": "sports.season", "pk": 115, "fields": {"year": "1926-1927", "team": [8, 9, 13]}}, {"model": "sports.season", "pk": 116, "fields": {"year": "1925-1926", "team": [8, 9]}}, {"model": "sports.season", "pk": 117, "fields": {"year": "1924-1925", "team": [8, 9]}}, {"model": "sports.season", "pk": 118, "fields": {"year": "1923-1924", "team": [8]}}, {"model": "sports.season", "pk": 119, "fields": {"year": "1922-1923", "team": [8]}}, {"model": "sports.season", "pk": 120, "fields": {"year": "1921-1922", "team": [8]}}, {"model": "sports.season", "pk": 121, "fields": {"year": "1920-1921", "team": [8]}}, {"model": "sports.season", "pk": 122, "fields": {"year": "1919-1920", "team": [8]}}, {"model": "sports.season", "pk": 123, "fields": {"year": "1918-1919", "team": [8]}}, {"model": "sports.season", "pk": 124, "fields": {"year": "1917-1918", "team": [8]}}, {"model": "sports.season", "pk": 125, "fields": {"year": "1916-1917", "team": [8]}}, {"model": "sports.season", "pk": 126, "fields": {"year": "1915-1916", "team": [8]}}, {"model": "sports.season", "pk": 127, "fields": {"year": "1914-1915", "team": [8]}}, {"model": "sports.season", "pk": 128, "fields": {"year": "1913-1914", "team": [8]}}, {"model": "sports.season", "pk": 129, "fields": {"year": "1912-1913", "team": [8]}}, {"model": "sports.season", "pk": 130, "fields": {"year": "1911-1912", "team": [8]}}, {"model": "sports.season", "pk": 131, "fields": {"year": "1910-1911", "team": [8]}}, {"model": "sports.season", "pk": 132, "fields": {"year": "1909-1910", "team": [8]}}, {"model": "admin.logentry", "pk": 1, "fields": {"action_time": "2021-01-26T03:06:46.416Z", "user": 1, "content_type": 1, "object_id": "1", "object_repr": "NHL", "action_flag": 1, "change_message": "[{\"added\": {}}]"}}, {"model": "admin.logentry", "pk": 2, "fields": {"action_time": "2021-01-26T03:06:51.336Z", "user": 1, "content_type": 1, "object_id": "2", "object_repr": "NBA", "action_flag": 1, "change_message": "[{\"added\": {}}]"}}, {"model": "admin.logentry", "pk": 3, "fields": {"action_time": "2021-01-26T03:06:54.794Z", "user": 1, "content_type": 1, "object_id": "3", "object_repr": "MLB", "action_flag": 1, "change_message": "[{\"added\": {}}]"}}, {"model": "admin.logentry", "pk": 4, "fields": {"action_time": "2021-01-26T03:06:58.814Z", "user": 1, "content_type": 1, "object_id": "4", "object_repr": "NFL", "action_flag": 1, "change_message": "[{\"added\": {}}]"}}, {"model": "admin.logentry", "pk": 5, "fields": {"action_time": "2021-01-26T03:19:14.278Z", "user": 1, "content_type": 1, "object_id": "4", "object_repr": "nfl", "action_flag": 2, "change_message": "[{\"changed\": {\"fields\": [\"Name\"]}}]"}}, {"model": "admin.logentry", "pk": 6, "fields": {"action_time": "2021-01-26T03:19:22.192Z", "user": 1, "content_type": 1, "object_id": "3", "object_repr": "mlb", "action_flag": 2, "change_message": "[{\"changed\": {\"fields\": [\"Name\"]}}]"}}, {"model": "admin.logentry", "pk": 7, "fields": {"action_time": "2021-01-26T03:19:28.085Z", "user": 1, "content_type": 1, "object_id": "2", "object_repr": "nba", "action_flag": 2, "change_message": "[{\"changed\": {\"fields\": [\"Name\"]}}]"}}, {"model": "admin.logentry", "pk": 8, "fields": {"action_time": "2021-01-26T03:19:33.264Z", "user": 1, "content_type": 1, "object_id": "1", "object_repr": "nhl", "action_flag": 2, "change_message": "[{\"changed\": {\"fields\": [\"Name\"]}}]"}}, {"model": "admin.logentry", "pk": 9, "fields": {"action_time": "2021-01-26T03:19:51.656Z", "user": 1, "content_type": 1, "object_id": "4", "object_repr": "NFL", "action_flag": 2, "change_message": "[{\"changed\": {\"fields\": [\"Name\"]}}]"}}, {"model": "admin.logentry", "pk": 10, "fields": {"action_time": "2021-01-26T03:21:30.175Z", "user": 1, "content_type": 1, "object_id": "3", "object_repr": "MLB", "action_flag": 2, "change_message": "[{\"changed\": {\"fields\": [\"Name\"]}}]"}}, {"model": "admin.logentry", "pk": 11, "fields": {"action_time": "2021-01-26T03:21:34.725Z", "user": 1, "content_type": 1, "object_id": "2", "object_repr": "NBA", "action_flag": 2, "change_message": "[{\"changed\": {\"fields\": [\"Name\"]}}]"}}, {"model": "admin.logentry", "pk": 12, "fields": {"action_time": "2021-01-26T03:21:39.591Z", "user": 1, "content_type": 1, "object_id": "1", "object_repr": "NHL", "action_flag": 2, "change_message": "[{\"changed\": {\"fields\": [\"Name\"]}}]"}}, {"model": "admin.logentry", "pk": 13, "fields": {"action_time": "2021-01-26T03:43:36.796Z", "user": 1, "content_type": 2, "object_id": "1", "object_repr": "Montreal-Canadiens", "action_flag": 1, "change_message": "[{\"added\": {}}]"}}, {"model": "admin.logentry", "pk": 14, "fields": {"action_time": "2021-01-26T03:58:38.513Z", "user": 1, "content_type": 2, "object_id": "2", "object_repr": "Toronto-Raptors", "action_flag": 1, "change_message": "[{\"added\": {}}]"}}, {"model": "admin.logentry", "pk": 15, "fields": {"action_time": "2021-01-26T03:58:58.768Z", "user": 1, "content_type": 2, "object_id": "3", "object_repr": "Toronto-Blue-Jays", "action_flag": 1, "change_message": "[{\"added\": {}}]"}}, {"model": "admin.logentry", "pk": 16, "fields": {"action_time": "2021-01-26T03:59:28.752Z", "user": 1, "content_type": 2, "object_id": "4", "object_repr": "New-England-Patriots", "action_flag": 1, "change_message": "[{\"added\": {}}]"}}, {"model": "admin.logentry", "pk": 17, "fields": {"action_time": "2021-01-26T04:03:47.931Z", "user": 1, "content_type": 3, "object_id": "1", "object_repr": "2020-2021", "action_flag": 1, "change_message": "[{\"added\": {}}]"}}, {"model": "admin.logentry", "pk": 18, "fields": {"action_time": "2021-01-26T04:03:54.197Z", "user": 1, "content_type": 3, "object_id": "2", "object_repr": "2019-2020", "action_flag": 1, "change_message": "[{\"added\": {}}]"}}, {"model": "admin.logentry", "pk": 19, "fields": {"action_time": "2021-01-26T15:41:05.724Z", "user": 1, "content_type": 3, "object_id": "1", "object_repr": "2020-2021", "action_flag": 2, "change_message": "[{\"changed\": {\"fields\": [\"Team\"]}}]"}}, {"model": "admin.logentry", "pk": 20, "fields": {"action_time": "2021-01-26T15:41:11.099Z", "user": 1, "content_type": 3, "object_id": "1", "object_repr": "2020-2021", "action_flag": 2, "change_message": "[]"}}, {"model": "admin.logentry", "pk": 21, "fields": {"action_time": "2021-01-26T15:41:17.844Z", "user": 1, "content_type": 3, "object_id": "2", "object_repr": "2019-2020", "action_flag": 2, "change_message": "[{\"changed\": {\"fields\": [\"Team\"]}}]"}}, {"model": "admin.logentry", "pk": 22, "fields": {"action_time": "2021-01-26T15:41:32.444Z", "user": 1, "content_type": 3, "object_id": "3", "object_repr": "2018-2019", "action_flag": 1, "change_message": "[{\"added\": {}}]"}}, {"model": "admin.logentry", "pk": 23, "fields": {"action_time": "2021-01-26T15:41:56.206Z", "user": 1, "content_type": 3, "object_id": "4", "object_repr": "2017-2018", "action_flag": 1, "change_message": "[{\"added\": {}}]"}}, {"model": "admin.logentry", "pk": 24, "fields": {"action_time": "2021-01-26T16:07:10.024Z", "user": 1, "content_type": 3, "object_id": "1", "object_repr": "2020-2021", "action_flag": 2, "change_message": "[{\"changed\": {\"fields\": [\"Team\"]}}]"}}, {"model": "admin.logentry", "pk": 25, "fields": {"action_time": "2021-01-27T00:53:45.865Z", "user": 1, "content_type": 3, "object_id": "1", "object_repr": "2020-2021", "action_flag": 2, "change_message": "[{\"changed\": {\"fields\": [\"Team\"]}}]"}}, {"model": "admin.logentry", "pk": 26, "fields": {"action_time": "2021-01-27T01:03:55.064Z", "user": 1, "content_type": 2, "object_id": "6", "object_repr": "Arizona-Coyotes", "action_flag": 1, "change_message": "[{\"added\": {}}]"}}, {"model": "admin.logentry", "pk": 27, "fields": {"action_time": "2021-01-28T03:37:30.088Z", "user": 1, "content_type": 2, "object_id": "7", "object_repr": "Nashville-Predators", "action_flag": 1, "change_message": "[{\"added\": {}}]"}}, {"model": "admin.logentry", "pk": 28, "fields": {"action_time": "2021-01-28T03:37:59.087Z", "user": 1, "content_type": 2, "object_id": "8", "object_repr": "Montreal-Canadiens", "action_flag": 1, "change_message": "[{\"added\": {}}]"}}, {"model": "admin.logentry", "pk": 29, "fields": {"action_time": "2021-01-28T03:38:20.705Z", "user": 1, "content_type": 2, "object_id": "1", "object_repr": "Montreal-Canadiens", "action_flag": 3, "change_message": ""}}, {"model": "admin.logentry", "pk": 30, "fields": {"action_time": "2021-01-28T03:38:33.638Z", "user": 1, "content_type": 2, "object_id": "9", "object_repr": "Boston-Bruins", "action_flag": 1, "change_message": "[{\"added\": {}}]"}}, {"model": "admin.logentry", "pk": 31, "fields": {"action_time": "2021-01-28T03:38:42.773Z", "user": 1, "content_type": 2, "object_id": "10", "object_repr": "Buffalo-Sabres", "action_flag": 1, "change_message": "[{\"added\": {}}]"}}, {"model": "admin.logentry", "pk": 32, "fields": {"action_time": "2021-01-28T03:38:54.098Z", "user": 1, "content_type": 2, "object_id": "11", "object_repr": "New-Jersey-Devils", "action_flag": 1, "change_message": "[{\"added\": {}}]"}}, {"model": "admin.logentry", "pk": 33, "fields": {"action_time": "2021-01-28T03:39:05.868Z", "user": 1, "content_type": 2, "object_id": "12", "object_repr": "New-York-Islanders", "action_flag": 1, "change_message": "[{\"added\": {}}]"}}, {"model": "admin.logentry", "pk": 34, "fields": {"action_time": "2021-01-28T03:39:13.818Z", "user": 1, "content_type": 2, "object_id": "13", "object_repr": "New-York-Rangers", "action_flag": 1, "change_message": "[{\"added\": {}}]"}}, {"model": "admin.logentry", "pk": 35, "fields": {"action_time": "2021-01-28T03:39:28.259Z", "user": 1, "content_type": 2, "object_id": "14", "object_repr": "Philadelphia-Flyers", "action_flag": 1, "change_message": "[{\"added\": {}}]"}}, {"model": "admin.logentry", "pk": 36, "fields": {"action_time": "2021-01-28T03:39:40.291Z", "user": 1, "content_type": 2, "object_id": "15", "object_repr": "Pittsburgh-Penguins", "action_flag": 1, "change_message": "[{\"added\": {}}]"}}, {"model": "admin.logentry", "pk": 37, "fields": {"action_time": "2021-01-28T03:39:49.978Z", "user": 1, "content_type": 2, "object_id": "16", "object_repr": "Washington-Capitals", "action_flag": 1, "change_message": "[{\"added\": {}}]"}}, {"model": "admin.logentry", "pk": 38, "fields": {"action_time": "2021-01-28T03:40:01.162Z", "user": 1, "content_type": 2, "object_id": "17", "object_repr": "Carolina-Hurricanes", "action_flag": 1, "change_message": "[{\"added\": {}}]"}}, {"model": "admin.logentry", "pk": 39, "fields": {"action_time": "2021-01-28T03:40:11.918Z", "user": 1, "content_type": 2, "object_id": "18", "object_repr": "Chicago-Blackhawks", "action_flag": 1, "change_message": "[{\"added\": {}}]"}}, {"model": "admin.logentry", "pk": 40, "fields": {"action_time": "2021-01-28T03:40:23.579Z", "user": 1, "content_type": 2, "object_id": "19", "object_repr": "Columbus-Blue-Jackets", "action_flag": 1, "change_message": "[{\"added\": {}}]"}}, {"model": "admin.logentry", "pk": 41, "fields": {"action_time": "2021-01-28T03:40:31.215Z", "user": 1, "content_type": 2, "object_id": "20", "object_repr": "Dallas-Stars", "action_flag": 1, "change_message": "[{\"added\": {}}]"}}, {"model": "admin.logentry", "pk": 42, "fields": {"action_time": "2021-01-28T03:41:12.928Z", "user": 1, "content_type": 2, "object_id": "21", "object_repr": "Detroit-Red-Wings", "action_flag": 1, "change_message": "[{\"added\": {}}]"}}, {"model": "admin.logentry", "pk": 43, "fields": {"action_time": "2021-01-28T03:41:20.736Z", "user": 1, "content_type": 2, "object_id": "22", "object_repr": "Florida-Panthers", "action_flag": 1, "change_message": "[{\"added\": {}}]"}}, {"model": "admin.logentry", "pk": 44, "fields": {"action_time": "2021-01-28T03:41:41.033Z", "user": 1, "content_type": 2, "object_id": "23", "object_repr": "Tampa-Bay-Lightning", "action_flag": 1, "change_message": "[{\"added\": {}}]"}}, {"model": "admin.logentry", "pk": 45, "fields": {"action_time": "2021-01-28T03:42:19.406Z", "user": 1, "content_type": 2, "object_id": "24", "object_repr": "Anaheim-Ducks", "action_flag": 1, "change_message": "[{\"added\": {}}]"}}, {"model": "admin.logentry", "pk": 46, "fields": {"action_time": "2021-01-28T03:42:40.134Z", "user": 1, "content_type": 2, "object_id": "25", "object_repr": "Colorado-Avalanche", "action_flag": 1, "change_message": "[{\"added\": {}}]"}}, {"model": "admin.logentry", "pk": 47, "fields": {"action_time": "2021-01-28T03:42:56.163Z", "user": 1, "content_type": 2, "object_id": "26", "object_repr": "Los-Angeles-Kings", "action_flag": 1, "change_message": "[{\"added\": {}}]"}}, {"model": "admin.logentry", "pk": 48, "fields": {"action_time": "2021-01-28T03:43:09.434Z", "user": 1, "content_type": 2, "object_id": "27", "object_repr": "Minnesota-Wild", "action_flag": 1, "change_message": "[{\"added\": {}}]"}}, {"model": "admin.logentry", "pk": 49, "fields": {"action_time": "2021-01-28T03:43:18.870Z", "user": 1, "content_type": 2, "object_id": "28", "object_repr": "San-Jose-Sharks", "action_flag": 1, "change_message": "[{\"added\": {}}]"}}, {"model": "admin.logentry", "pk": 50, "fields": {"action_time": "2021-01-28T03:43:41.699Z", "user": 1, "content_type": 2, "object_id": "29", "object_repr": "St-Louis-Blues", "action_flag": 1, "change_message": "[{\"added\": {}}]"}}, {"model": "admin.logentry", "pk": 51, "fields": {"action_time": "2021-01-28T03:43:52.467Z", "user": 1, "content_type": 2, "object_id": "30", "object_repr": "Vegas-Golden-Knights", "action_flag": 1, "change_message": "[{\"added\": {}}]"}}, {"model": "admin.logentry", "pk": 52, "fields": {"action_time": "2021-01-28T03:44:02.524Z", "user": 1, "content_type": 2, "object_id": "31", "object_repr": "Calgary-Flames", "action_flag": 1, "change_message": "[{\"added\": {}}]"}}, {"model": "admin.logentry", "pk": 53, "fields": {"action_time": "2021-01-28T03:44:13.377Z", "user": 1, "content_type": 2, "object_id": "32", "object_repr": "Edmonton-Oilers", "action_flag": 1, "change_message": "[{\"added\": {}}]"}}, {"model": "admin.logentry", "pk": 54, "fields": {"action_time": "2021-01-28T03:44:25.365Z", "user": 1, "content_type": 2, "object_id": "33", "object_repr": "Toronto-Maple-Leafs", "action_flag": 1, "change_message": "[{\"added\": {}}]"}}, {"model": "admin.logentry", "pk": 55, "fields": {"action_time": "2021-01-28T03:44:35.194Z", "user": 1, "content_type": 2, "object_id": "34", "object_repr": "Vancouver-Canucks", "action_flag": 1, "change_message": "[{\"added\": {}}]"}}, {"model": "admin.logentry", "pk": 56, "fields": {"action_time": "2021-01-28T03:44:44.526Z", "user": 1, "content_type": 2, "object_id": "35", "object_repr": "Winnipeg-Jets", "action_flag": 1, "change_message": "[{\"added\": {}}]"}}, {"model": "admin.logentry", "pk": 57, "fields": {"action_time": "2021-01-29T18:57:41.796Z", "user": 1, "content_type": 3, "object_id": "1", "object_repr": "2020-2021", "action_flag": 2, "change_message": "[{\"changed\": {\"fields\": [\"Team\"]}}]"}}, {"model": "admin.logentry", "pk": 58, "fields": {"action_time": "2021-01-29T18:58:00.519Z", "user": 1, "content_type": 3, "object_id": "2", "object_repr": "2019-2020", "action_flag": 2, "change_message": "[{\"changed\": {\"fields\": [\"Team\"]}}]"}}, {"model": "admin.logentry", "pk": 59, "fields": {"action_time": "2021-01-29T18:58:07.422Z", "user": 1, "content_type": 3, "object_id": "3", "object_repr": "2018-2019", "action_flag": 2, "change_message": "[{\"changed\": {\"fields\": [\"Team\"]}}]"}}, {"model": "admin.logentry", "pk": 60, "fields": {"action_time": "2021-01-29T18:58:14.002Z", "user": 1, "content_type": 3, "object_id": "4", "object_repr": "2017-2018", "action_flag": 2, "change_message": "[{\"changed\": {\"fields\": [\"Team\"]}}]"}}, {"model": "admin.logentry", "pk": 61, "fields": {"action_time": "2021-01-29T18:58:36.990Z", "user": 1, "content_type": 3, "object_id": "5", "object_repr": "2016-2017", "action_flag": 1, "change_message": "[{\"added\": {}}]"}}, {"model": "admin.logentry", "pk": 62, "fields": {"action_time": "2021-01-29T18:58:55.455Z", "user": 1, "content_type": 3, "object_id": "6", "object_repr": "2015-2016", "action_flag": 1, "change_message": "[{\"added\": {}}]"}}, {"model": "admin.logentry", "pk": 63, "fields": {"action_time": "2021-01-29T18:59:22.405Z", "user": 1, "content_type": 3, "object_id": "7", "object_repr": "2014-2015", "action_flag": 1, "change_message": "[{\"added\": {}}]"}}, {"model": "admin.logentry", "pk": 64, "fields": {"action_time": "2021-01-29T18:59:39.276Z", "user": 1, "content_type": 3, "object_id": "8", "object_repr": "2013-2014", "action_flag": 1, "change_message": "[{\"added\": {}}]"}}, {"model": "admin.logentry", "pk": 65, "fields": {"action_time": "2021-02-01T21:23:02.503Z", "user": 1, "content_type": 2, "object_id": "36", "object_repr": "Boston-Celtics", "action_flag": 1, "change_message": "[{\"added\": {}}]"}}, {"model": "admin.logentry", "pk": 66, "fields": {"action_time": "2021-02-01T21:23:22.853Z", "user": 1, "content_type": 2, "object_id": "37", "object_repr": "Brooklyn-Nets", "action_flag": 1, "change_message": "[{\"added\": {}}]"}}, {"model": "admin.logentry", "pk": 67, "fields": {"action_time": "2021-02-01T21:23:31.912Z", "user": 1, "content_type": 2, "object_id": "38", "object_repr": "New-York-Knicks", "action_flag": 1, "change_message": "[{\"added\": {}}]"}}, {"model": "admin.logentry", "pk": 68, "fields": {"action_time": "2021-02-01T21:23:45.493Z", "user": 1, "content_type": 2, "object_id": "39", "object_repr": "Philadelphia-76ers", "action_flag": 1, "change_message": "[{\"added\": {}}]"}}, {"model": "admin.logentry", "pk": 69, "fields": {"action_time": "2021-02-01T21:23:57.328Z", "user": 1, "content_type": 2, "object_id": "40", "object_repr": "Chicago-Bulls", "action_flag": 1, "change_message": "[{\"added\": {}}]"}}, {"model": "admin.logentry", "pk": 70, "fields": {"action_time": "2021-02-01T21:24:09.378Z", "user": 1, "content_type": 2, "object_id": "41", "object_repr": "Cleveland-Cavaliers", "action_flag": 1, "change_message": "[{\"added\": {}}]"}}, {"model": "admin.logentry", "pk": 71, "fields": {"action_time": "2021-02-01T21:24:17.565Z", "user": 1, "content_type": 2, "object_id": "42", "object_repr": "Detroit-Pistons", "action_flag": 1, "change_message": "[{\"added\": {}}]"}}, {"model": "admin.logentry", "pk": 72, "fields": {"action_time": "2021-02-01T21:24:23.880Z", "user": 1, "content_type": 2, "object_id": "43", "object_repr": "Indiana-Pacers", "action_flag": 1, "change_message": "[{\"added\": {}}]"}}, {"model": "admin.logentry", "pk": 73, "fields": {"action_time": "2021-02-01T21:24:34.351Z", "user": 1, "content_type": 2, "object_id": "44", "object_repr": "Milwaukee-Bucks", "action_flag": 1, "change_message": "[{\"added\": {}}]"}}, {"model": "admin.logentry", "pk": 74, "fields": {"action_time": "2021-02-01T21:24:43.706Z", "user": 1, "content_type": 2, "object_id": "45", "object_repr": "Atlanta-Hawks", "action_flag": 1, "change_message": "[{\"added\": {}}]"}}, {"model": "admin.logentry", "pk": 75, "fields": {"action_time": "2021-02-01T21:24:52.191Z", "user": 1, "content_type": 2, "object_id": "46", "object_repr": "Charlotte-Hornets", "action_flag": 1, "change_message": "[{\"added\": {}}]"}}, {"model": "admin.logentry", "pk": 76, "fields": {"action_time": "2021-02-01T21:24:59.748Z", "user": 1, "content_type": 2, "object_id": "47", "object_repr": "Miami-Heat", "action_flag": 1, "change_message": "[{\"added\": {}}]"}}, {"model": "admin.logentry", "pk": 77, "fields": {"action_time": "2021-02-01T21:25:07.633Z", "user": 1, "content_type": 2, "object_id": "48", "object_repr": "Orlando-Magic", "action_flag": 1, "change_message": "[{\"added\": {}}]"}}, {"model": "admin.logentry", "pk": 78, "fields": {"action_time": "2021-02-01T21:25:19.439Z", "user": 1, "content_type": 2, "object_id": "49", "object_repr": "Washington-Wizards", "action_flag": 1, "change_message": "[{\"added\": {}}]"}}, {"model": "admin.logentry", "pk": 79, "fields": {"action_time": "2021-02-01T21:25:27.857Z", "user": 1, "content_type": 2, "object_id": "50", "object_repr": "Denver-Nuggets", "action_flag": 1, "change_message": "[{\"added\": {}}]"}}, {"model": "admin.logentry", "pk": 80, "fields": {"action_time": "2021-02-01T21:25:40.843Z", "user": 1, "content_type": 2, "object_id": "51", "object_repr": "Minnesota-Timberwolves", "action_flag": 1, "change_message": "[{\"added\": {}}]"}}, {"model": "admin.logentry", "pk": 81, "fields": {"action_time": "2021-02-01T21:25:51.051Z", "user": 1, "content_type": 2, "object_id": "52", "object_repr": "Oklahoma-City-Thunder", "action_flag": 1, "change_message": "[{\"added\": {}}]"}}, {"model": "admin.logentry", "pk": 82, "fields": {"action_time": "2021-02-01T21:26:02.670Z", "user": 1, "content_type": 2, "object_id": "53", "object_repr": "Portland-Trail-Blazers", "action_flag": 1, "change_message": "[{\"added\": {}}]"}}, {"model": "admin.logentry", "pk": 83, "fields": {"action_time": "2021-02-01T21:26:11.479Z", "user": 1, "content_type": 2, "object_id": "54", "object_repr": "Utah-Jazz", "action_flag": 1, "change_message": "[{\"added\": {}}]"}}, {"model": "admin.logentry", "pk": 84, "fields": {"action_time": "2021-02-01T21:26:26.424Z", "user": 1, "content_type": 2, "object_id": "55", "object_repr": "Golden-State-Warriors", "action_flag": 1, "change_message": "[{\"added\": {}}]"}}, {"model": "admin.logentry", "pk": 85, "fields": {"action_time": "2021-02-01T21:26:48.830Z", "user": 1, "content_type": 2, "object_id": "56", "object_repr": "Los-Angeles-Clippers", "action_flag": 1, "change_message": "[{\"added\": {}}]"}}, {"model": "admin.logentry", "pk": 86, "fields": {"action_time": "2021-02-01T21:27:01.604Z", "user": 1, "content_type": 2, "object_id": "57", "object_repr": "Los-Angeles-Lakers", "action_flag": 1, "change_message": "[{\"added\": {}}]"}}, {"model": "admin.logentry", "pk": 87, "fields": {"action_time": "2021-02-01T21:27:11.054Z", "user": 1, "content_type": 2, "object_id": "58", "object_repr": "Phoenix-Suns", "action_flag": 1, "change_message": "[{\"added\": {}}]"}}, {"model": "admin.logentry", "pk": 88, "fields": {"action_time": "2021-02-01T21:27:20.640Z", "user": 1, "content_type": 2, "object_id": "59", "object_repr": "Sacramento-Kings", "action_flag": 1, "change_message": "[{\"added\": {}}]"}}, {"model": "admin.logentry", "pk": 89, "fields": {"action_time": "2021-02-01T21:27:28.780Z", "user": 1, "content_type": 2, "object_id": "60", "object_repr": "Dallas-Mavericks", "action_flag": 1, "change_message": "[{\"added\": {}}]"}}, {"model": "admin.logentry", "pk": 90, "fields": {"action_time": "2021-02-01T21:27:35.749Z", "user": 1, "content_type": 2, "object_id": "61", "object_repr": "Houston-Rockets", "action_flag": 1, "change_message": "[{\"added\": {}}]"}}, {"model": "admin.logentry", "pk": 91, "fields": {"action_time": "2021-02-01T21:27:45.784Z", "user": 1, "content_type": 2, "object_id": "62", "object_repr": "Memphis-Grizzlies", "action_flag": 1, "change_message": "[{\"added\": {}}]"}}, {"model": "admin.logentry", "pk": 92, "fields": {"action_time": "2021-02-01T21:27:58.005Z", "user": 1, "content_type": 2, "object_id": "63", "object_repr": "New-Orleans-Pelicans", "action_flag": 1, "change_message": "[{\"added\": {}}]"}}, {"model": "admin.logentry", "pk": 93, "fields": {"action_time": "2021-02-01T21:28:08.901Z", "user": 1, "content_type": 2, "object_id": "64", "object_repr": "San-Antonio-Spurs", "action_flag": 1, "change_message": "[{\"added\": {}}]"}}, {"model": "admin.logentry", "pk": 94, "fields": {"action_time": "2021-02-01T21:28:51.472Z", "user": 1, "content_type": 2, "object_id": "65", "object_repr": "Arizona-Diamondbacks", "action_flag": 1, "change_message": "[{\"added\": {}}]"}}, {"model": "admin.logentry", "pk": 95, "fields": {"action_time": "2021-02-01T21:29:00.486Z", "user": 1, "content_type": 2, "object_id": "66", "object_repr": "Atlanta-Braves", "action_flag": 1, "change_message": "[{\"added\": {}}]"}}, {"model": "admin.logentry", "pk": 96, "fields": {"action_time": "2021-02-01T21:29:11.163Z", "user": 1, "content_type": 2, "object_id": "67", "object_repr": "Baltimore-Orioles", "action_flag": 1, "change_message": "[{\"added\": {}}]"}}, {"model": "admin.logentry", "pk": 97, "fields": {"action_time": "2021-02-01T21:29:20.520Z", "user": 1, "content_type": 2, "object_id": "68", "object_repr": "Boston-Red-Sox", "action_flag": 1, "change_message": "[{\"added\": {}}]"}}, {"model": "admin.logentry", "pk": 98, "fields": {"action_time": "2021-02-01T21:29:31.968Z", "user": 1, "content_type": 2, "object_id": "69", "object_repr": "Chicago-White-Sox", "action_flag": 1, "change_message": "[{\"added\": {}}]"}}, {"model": "admin.logentry", "pk": 99, "fields": {"action_time": "2021-02-01T21:29:39.523Z", "user": 1, "content_type": 2, "object_id": "70", "object_repr": "Chicago-Cubs", "action_flag": 1, "change_message": "[{\"added\": {}}]"}}, {"model": "admin.logentry", "pk": 100, "fields": {"action_time": "2021-02-01T21:29:45.917Z", "user": 1, "content_type": 2, "object_id": "71", "object_repr": "Cincinnati-Reds", "action_flag": 1, "change_message": "[{\"added\": {}}]"}}, {"model": "admin.logentry", "pk": 101, "fields": {"action_time": "2021-02-01T21:29:55.742Z", "user": 1, "content_type": 2, "object_id": "72", "object_repr": "Cleveland-Indians", "action_flag": 1, "change_message": "[{\"added\": {}}]"}}, {"model": "admin.logentry", "pk": 102, "fields": {"action_time": "2021-02-01T21:30:03.388Z", "user": 1, "content_type": 2, "object_id": "73", "object_repr": "Colorado-Rockies", "action_flag": 1, "change_message": "[{\"added\": {}}]"}}, {"model": "admin.logentry", "pk": 103, "fields": {"action_time": "2021-02-01T21:30:16.085Z", "user": 1, "content_type": 2, "object_id": "74", "object_repr": "Detroit-Tigers", "action_flag": 1, "change_message": "[{\"added\": {}}]"}}, {"model": "admin.logentry", "pk": 104, "fields": {"action_time": "2021-02-01T21:31:03.038Z", "user": 1, "content_type": 2, "object_id": "75", "object_repr": "Houston-Astros", "action_flag": 1, "change_message": "[{\"added\": {}}]"}}, {"model": "admin.logentry", "pk": 105, "fields": {"action_time": "2021-02-01T21:31:12.552Z", "user": 1, "content_type": 2, "object_id": "76", "object_repr": "Kansas-City-Royals", "action_flag": 1, "change_message": "[{\"added\": {}}]"}}, {"model": "admin.logentry", "pk": 106, "fields": {"action_time": "2021-02-01T21:31:22.874Z", "user": 1, "content_type": 2, "object_id": "77", "object_repr": "Los-Angeles-Angels", "action_flag": 1, "change_message": "[{\"added\": {}}]"}}, {"model": "admin.logentry", "pk": 107, "fields": {"action_time": "2021-02-01T21:31:33.116Z", "user": 1, "content_type": 2, "object_id": "78", "object_repr": "Los-Angeles-Dodgers", "action_flag": 1, "change_message": "[{\"added\": {}}]"}}, {"model": "admin.logentry", "pk": 108, "fields": {"action_time": "2021-02-01T21:31:41.738Z", "user": 1, "content_type": 2, "object_id": "79", "object_repr": "Miami-Marlins", "action_flag": 1, "change_message": "[{\"added\": {}}]"}}, {"model": "admin.logentry", "pk": 109, "fields": {"action_time": "2021-02-01T21:31:49.062Z", "user": 1, "content_type": 2, "object_id": "80", "object_repr": "Milwaukee-Brewers", "action_flag": 1, "change_message": "[{\"added\": {}}]"}}, {"model": "admin.logentry", "pk": 110, "fields": {"action_time": "2021-02-01T21:31:56.574Z", "user": 1, "content_type": 2, "object_id": "81", "object_repr": "Minnesota-Twins", "action_flag": 1, "change_message": "[{\"added\": {}}]"}}, {"model": "admin.logentry", "pk": 111, "fields": {"action_time": "2021-02-01T21:32:04.959Z", "user": 1, "content_type": 2, "object_id": "82", "object_repr": "New-York-Yankees", "action_flag": 1, "change_message": "[{\"added\": {}}]"}}, {"model": "admin.logentry", "pk": 112, "fields": {"action_time": "2021-02-01T21:32:15.492Z", "user": 1, "content_type": 2, "object_id": "83", "object_repr": "New-York-Mets", "action_flag": 1, "change_message": "[{\"added\": {}}]"}}, {"model": "admin.logentry", "pk": 113, "fields": {"action_time": "2021-02-01T21:32:25.389Z", "user": 1, "content_type": 2, "object_id": "84", "object_repr": "Oakland-Athletics", "action_flag": 1, "change_message": "[{\"added\": {}}]"}}, {"model": "admin.logentry", "pk": 114, "fields": {"action_time": "2021-02-01T21:32:32.374Z", "user": 1, "content_type": 2, "object_id": "85", "object_repr": "Philadelphia-Phillies", "action_flag": 1, "change_message": "[{\"added\": {}}]"}}, {"model": "admin.logentry", "pk": 115, "fields": {"action_time": "2021-02-01T21:32:39.719Z", "user": 1, "content_type": 2, "object_id": "86", "object_repr": "Pittsburgh-Pirates", "action_flag": 1, "change_message": "[{\"added\": {}}]"}}, {"model": "admin.logentry", "pk": 116, "fields": {"action_time": "2021-02-01T21:32:52.494Z", "user": 1, "content_type": 2, "object_id": "87", "object_repr": "San-Diego-Padres", "action_flag": 1, "change_message": "[{\"added\": {}}]"}}, {"model": "admin.logentry", "pk": 117, "fields": {"action_time": "2021-02-01T21:33:03.780Z", "user": 1, "content_type": 2, "object_id": "88", "object_repr": "San-Francisco-Giants", "action_flag": 1, "change_message": "[{\"added\": {}}]"}}, {"model": "admin.logentry", "pk": 118, "fields": {"action_time": "2021-02-01T21:33:11.462Z", "user": 1, "content_type": 2, "object_id": "89", "object_repr": "Seattle-Mariners", "action_flag": 1, "change_message": "[{\"added\": {}}]"}}, {"model": "admin.logentry", "pk": 119, "fields": {"action_time": "2021-02-01T21:33:23.549Z", "user": 1, "content_type": 2, "object_id": "90", "object_repr": "St-Louis-Cardinals", "action_flag": 1, "change_message": "[{\"added\": {}}]"}}, {"model": "admin.logentry", "pk": 120, "fields": {"action_time": "2021-02-01T21:33:40.986Z", "user": 1, "content_type": 2, "object_id": "91", "object_repr": "Tampa-Bay-Rays", "action_flag": 1, "change_message": "[{\"added\": {}}]"}}, {"model": "admin.logentry", "pk": 121, "fields": {"action_time": "2021-02-01T21:33:47.700Z", "user": 1, "content_type": 2, "object_id": "92", "object_repr": "Texas-Rangers", "action_flag": 1, "change_message": "[{\"added\": {}}]"}}, {"model": "admin.logentry", "pk": 122, "fields": {"action_time": "2021-02-01T21:34:03.080Z", "user": 1, "content_type": 2, "object_id": "93", "object_repr": "Toronto-Blue-Jays", "action_flag": 1, "change_message": "[{\"added\": {}}]"}}, {"model": "admin.logentry", "pk": 123, "fields": {"action_time": "2021-02-01T21:34:12.209Z", "user": 1, "content_type": 2, "object_id": "94", "object_repr": "Washington-Nationals", "action_flag": 1, "change_message": "[{\"added\": {}}]"}}, {"model": "admin.logentry", "pk": 124, "fields": {"action_time": "2021-02-01T21:34:54.357Z", "user": 1, "content_type": 2, "object_id": "95", "object_repr": "Arizona-Cardinals", "action_flag": 1, "change_message": "[{\"added\": {}}]"}}, {"model": "admin.logentry", "pk": 125, "fields": {"action_time": "2021-02-01T21:35:02.286Z", "user": 1, "content_type": 2, "object_id": "96", "object_repr": "Atlanta-Falcons", "action_flag": 1, "change_message": "[{\"added\": {}}]"}}, {"model": "admin.logentry", "pk": 126, "fields": {"action_time": "2021-02-01T21:35:10.381Z", "user": 1, "content_type": 2, "object_id": "97", "object_repr": "Baltimore-Ravens", "action_flag": 1, "change_message": "[{\"added\": {}}]"}}, {"model": "admin.logentry", "pk": 127, "fields": {"action_time": "2021-02-01T21:35:17.463Z", "user": 1, "content_type": 2, "object_id": "98", "object_repr": "Buffalo-Bills", "action_flag": 1, "change_message": "[{\"added\": {}}]"}}, {"model": "admin.logentry", "pk": 128, "fields": {"action_time": "2021-02-01T21:35:25.197Z", "user": 1, "content_type": 2, "object_id": "99", "object_repr": "Carolina-Panthers", "action_flag": 1, "change_message": "[{\"added\": {}}]"}}, {"model": "admin.logentry", "pk": 129, "fields": {"action_time": "2021-02-01T21:35:33.214Z", "user": 1, "content_type": 2, "object_id": "100", "object_repr": "Chicago-Bears", "action_flag": 1, "change_message": "[{\"added\": {}}]"}}, {"model": "admin.logentry", "pk": 130, "fields": {"action_time": "2021-02-01T21:35:40.156Z", "user": 1, "content_type": 2, "object_id": "101", "object_repr": "Cincinnati-Bengals", "action_flag": 1, "change_message": "[{\"added\": {}}]"}}, {"model": "admin.logentry", "pk": 131, "fields": {"action_time": "2021-02-01T21:36:04.838Z", "user": 1, "content_type": 2, "object_id": "102", "object_repr": "Cleveland-Browns", "action_flag": 1, "change_message": "[{\"added\": {}}]"}}, {"model": "admin.logentry", "pk": 132, "fields": {"action_time": "2021-02-01T21:36:11.874Z", "user": 1, "content_type": 2, "object_id": "103", "object_repr": "Dallas-Cowboys", "action_flag": 1, "change_message": "[{\"added\": {}}]"}}, {"model": "admin.logentry", "pk": 133, "fields": {"action_time": "2021-02-01T21:36:19.105Z", "user": 1, "content_type": 2, "object_id": "104", "object_repr": "Denver-Broncos", "action_flag": 1, "change_message": "[{\"added\": {}}]"}}, {"model": "admin.logentry", "pk": 134, "fields": {"action_time": "2021-02-01T21:44:15.883Z", "user": 1, "content_type": 2, "object_id": "105", "object_repr": "Detroit-Lions", "action_flag": 1, "change_message": "[{\"added\": {}}]"}}, {"model": "admin.logentry", "pk": 135, "fields": {"action_time": "2021-02-01T21:44:26.021Z", "user": 1, "content_type": 2, "object_id": "106", "object_repr": "Green-Bay-Packers", "action_flag": 1, "change_message": "[{\"added\": {}}]"}}, {"model": "admin.logentry", "pk": 136, "fields": {"action_time": "2021-02-01T21:44:32.730Z", "user": 1, "content_type": 2, "object_id": "107", "object_repr": "Houston-Texans", "action_flag": 1, "change_message": "[{\"added\": {}}]"}}, {"model": "admin.logentry", "pk": 137, "fields": {"action_time": "2021-02-01T21:44:39.942Z", "user": 1, "content_type": 2, "object_id": "108", "object_repr": "Indianapolis-Colts", "action_flag": 1, "change_message": "[{\"added\": {}}]"}}, {"model": "admin.logentry", "pk": 138, "fields": {"action_time": "2021-02-01T21:44:49.518Z", "user": 1, "content_type": 2, "object_id": "109", "object_repr": "Jacksonville-Jaguars", "action_flag": 1, "change_message": "[{\"added\": {}}]"}}, {"model": "admin.logentry", "pk": 139, "fields": {"action_time": "2021-02-01T21:45:01.986Z", "user": 1, "content_type": 2, "object_id": "110", "object_repr": "Kansas-City-Chiefs", "action_flag": 1, "change_message": "[{\"added\": {}}]"}}, {"model": "admin.logentry", "pk": 140, "fields": {"action_time": "2021-02-01T21:45:10.242Z", "user": 1, "content_type": 2, "object_id": "111", "object_repr": "Las-Vegas-Raiders", "action_flag": 1, "change_message": "[{\"added\": {}}]"}}, {"model": "admin.logentry", "pk": 141, "fields": {"action_time": "2021-02-01T21:45:22.934Z", "user": 1, "content_type": 2, "object_id": "112", "object_repr": "Los-Angeles-Chargers", "action_flag": 1, "change_message": "[{\"added\": {}}]"}}, {"model": "admin.logentry", "pk": 142, "fields": {"action_time": "2021-02-01T21:45:32.448Z", "user": 1, "content_type": 2, "object_id": "113", "object_repr": "Los-Angeles-Rams", "action_flag": 1, "change_message": "[{\"added\": {}}]"}}, {"model": "admin.logentry", "pk": 143, "fields": {"action_time": "2021-02-01T21:45:43.750Z", "user": 1, "content_type": 2, "object_id": "114", "object_repr": "Miami-Dolphins", "action_flag": 1, "change_message": "[{\"added\": {}}]"}}, {"model": "admin.logentry", "pk": 144, "fields": {"action_time": "2021-02-01T21:46:00.582Z", "user": 1, "content_type": 2, "object_id": "115", "object_repr": "Minnesota-Vikings", "action_flag": 1, "change_message": "[{\"added\": {}}]"}}, {"model": "admin.logentry", "pk": 145, "fields": {"action_time": "2021-02-01T21:46:24.934Z", "user": 1, "content_type": 2, "object_id": "116", "object_repr": "New-Orleans-Saints", "action_flag": 1, "change_message": "[{\"added\": {}}]"}}, {"model": "admin.logentry", "pk": 146, "fields": {"action_time": "2021-02-01T21:46:36.590Z", "user": 1, "content_type": 2, "object_id": "117", "object_repr": "New-York-Giants", "action_flag": 1, "change_message": "[{\"added\": {}}]"}}, {"model": "admin.logentry", "pk": 147, "fields": {"action_time": "2021-02-01T21:46:45.669Z", "user": 1, "content_type": 2, "object_id": "118", "object_repr": "New-York-Jets", "action_flag": 1, "change_message": "[{\"added\": {}}]"}}, {"model": "admin.logentry", "pk": 148, "fields": {"action_time": "2021-02-01T21:46:53.878Z", "user": 1, "content_type": 2, "object_id": "119", "object_repr": "Philadelphia-Eagles", "action_flag": 1, "change_message": "[{\"added\": {}}]"}}, {"model": "admin.logentry", "pk": 149, "fields": {"action_time": "2021-02-01T21:47:01.633Z", "user": 1, "content_type": 2, "object_id": "120", "object_repr": "Pittsburgh-Steelers", "action_flag": 1, "change_message": "[{\"added\": {}}]"}}, {"model": "admin.logentry", "pk": 150, "fields": {"action_time": "2021-02-01T21:47:13.723Z", "user": 1, "content_type": 2, "object_id": "121", "object_repr": "San-Francisco-49ers", "action_flag": 1, "change_message": "[{\"added\": {}}]"}}, {"model": "admin.logentry", "pk": 151, "fields": {"action_time": "2021-02-01T21:47:21.432Z", "user": 1, "content_type": 2, "object_id": "122", "object_repr": "Seattle-Seahawks", "action_flag": 1, "change_message": "[{\"added\": {}}]"}}, {"model": "admin.logentry", "pk": 152, "fields": {"action_time": "2021-02-01T21:47:30.509Z", "user": 1, "content_type": 2, "object_id": "123", "object_repr": "Tampa-Bay-Buccaneers", "action_flag": 1, "change_message": "[{\"added\": {}}]"}}, {"model": "admin.logentry", "pk": 153, "fields": {"action_time": "2021-02-01T21:47:40.609Z", "user": 1, "content_type": 2, "object_id": "124", "object_repr": "Tennessee-Titans", "action_flag": 1, "change_message": "[{\"added\": {}}]"}}, {"model": "admin.logentry", "pk": 154, "fields": {"action_time": "2021-02-01T21:47:47.369Z", "user": 1, "content_type": 2, "object_id": "125", "object_repr": "Washington-Football-Team", "action_flag": 1, "change_message": "[{\"added\": {}}]"}}, {"model": "admin.logentry", "pk": 155, "fields": {"action_time": "2021-02-01T22:13:06.032Z", "user": 1, "content_type": 3, "object_id": "2", "object_repr": "2019-2020", "action_flag": 2, "change_message": "[{\"changed\": {\"fields\": [\"Team\"]}}]"}}, {"model": "admin.logentry", "pk": 156, "fields": {"action_time": "2021-02-01T22:13:15.274Z", "user": 1, "content_type": 3, "object_id": "5", "object_repr": "2016-2017", "action_flag": 2, "change_message": "[{\"changed\": {\"fields\": [\"Team\"]}}]"}}, {"model": "admin.logentry", "pk": 157, "fields": {"action_time": "2021-02-01T22:13:24.143Z", "user": 1, "content_type": 3, "object_id": "3", "object_repr": "2018-2019", "action_flag": 2, "change_message": "[{\"changed\": {\"fields\": [\"Team\"]}}]"}}, {"model": "admin.logentry", "pk": 158, "fields": {"action_time": "2021-02-03T00:52:26.581Z", "user": 1, "content_type": 2, "object_id": "93", "object_repr": "Toronto-Blue-Jays", "action_flag": 3, "change_message": ""}}, {"model": "admin.logentry", "pk": 159, "fields": {"action_time": "2021-02-04T02:02:52.787Z", "user": 1, "content_type": 3, "object_id": "10", "object_repr": "2001-2002", "action_flag": 3, "change_message": ""}}, {"model": "admin.logentry", "pk": 160, "fields": {"action_time": "2021-02-04T02:07:46.772Z", "user": 1, "content_type": 3, "object_id": "9", "object_repr": "1997-1999", "action_flag": 3, "change_message": ""}}, {"model": "admin.logentry", "pk": 161, "fields": {"action_time": "2021-02-05T21:09:42.397Z", "user": 1, "content_type": 3, "object_id": "5", "object_repr": "2016-2017", "action_flag": 2, "change_message": "[{\"changed\": {\"fields\": [\"Team\"]}}]"}}, {"model": "admin.logentry", "pk": 162, "fields": {"action_time": "2021-02-05T21:10:30.320Z", "user": 1, "content_type": 3, "object_id": "46", "object_repr": "1977-1978", "action_flag": 3, "change_message": ""}}, {"model": "admin.logentry", "pk": 163, "fields": {"action_time": "2021-02-05T21:10:30.320Z", "user": 1, "content_type": 3, "object_id": "45", "object_repr": "1978-1979", "action_flag": 3, "change_message": ""}}, {"model": "admin.logentry", "pk": 164, "fields": {"action_time": "2021-02-05T21:10:30.328Z", "user": 1, "content_type": 3, "object_id": "44", "object_repr": "1979-1980", "action_flag": 3, "change_message": ""}}, {"model": "admin.logentry", "pk": 165, "fields": {"action_time": "2021-02-05T21:10:30.336Z", "user": 1, "content_type": 3, "object_id": "43", "object_repr": "1980-1981", "action_flag": 3, "change_message": ""}}, {"model": "admin.logentry", "pk": 166, "fields": {"action_time": "2021-02-05T21:10:30.336Z", "user": 1, "content_type": 3, "object_id": "42", "object_repr": "1981-1982", "action_flag": 3, "change_message": ""}}, {"model": "admin.logentry", "pk": 167, "fields": {"action_time": "2021-02-05T21:10:30.344Z", "user": 1, "content_type": 3, "object_id": "41", "object_repr": "1982-1983", "action_flag": 3, "change_message": ""}}, {"model": "admin.logentry", "pk": 168, "fields": {"action_time": "2021-02-05T21:10:30.344Z", "user": 1, "content_type": 3, "object_id": "40", "object_repr": "1983-1984", "action_flag": 3, "change_message": ""}}, {"model": "admin.logentry", "pk": 169, "fields": {"action_time": "2021-02-05T21:10:30.352Z", "user": 1, "content_type": 3, "object_id": "39", "object_repr": "1984-1985", "action_flag": 3, "change_message": ""}}, {"model": "admin.logentry", "pk": 170, "fields": {"action_time": "2021-02-05T21:10:30.352Z", "user": 1, "content_type": 3, "object_id": "38", "object_repr": "1985-1986", "action_flag": 3, "change_message": ""}}, {"model": "admin.logentry", "pk": 171, "fields": {"action_time": "2021-02-05T21:10:30.360Z", "user": 1, "content_type": 3, "object_id": "37", "object_repr": "1986-1987", "action_flag": 3, "change_message": ""}}, {"model": "admin.logentry", "pk": 172, "fields": {"action_time": "2021-02-05T21:10:30.368Z", "user": 1, "content_type": 3, "object_id": "36", "object_repr": "1987-1988", "action_flag": 3, "change_message": ""}}, {"model": "admin.logentry", "pk": 173, "fields": {"action_time": "2021-02-05T21:10:30.368Z", "user": 1, "content_type": 3, "object_id": "35", "object_repr": "1988-1989", "action_flag": 3, "change_message": ""}}, {"model": "admin.logentry", "pk": 174, "fields": {"action_time": "2021-02-05T21:10:30.376Z", "user": 1, "content_type": 3, "object_id": "34", "object_repr": "1989-1990", "action_flag": 3, "change_message": ""}}, {"model": "admin.logentry", "pk": 175, "fields": {"action_time": "2021-02-05T21:10:30.384Z", "user": 1, "content_type": 3, "object_id": "33", "object_repr": "1990-1991", "action_flag": 3, "change_message": ""}}, {"model": "admin.logentry", "pk": 176, "fields": {"action_time": "2021-02-05T21:10:30.384Z", "user": 1, "content_type": 3, "object_id": "32", "object_repr": "1991-1992", "action_flag": 3, "change_message": ""}}, {"model": "admin.logentry", "pk": 177, "fields": {"action_time": "2021-02-05T21:10:30.392Z", "user": 1, "content_type": 3, "object_id": "31", "object_repr": "1992-1993", "action_flag": 3, "change_message": ""}}, {"model": "admin.logentry", "pk": 178, "fields": {"action_time": "2021-02-05T21:10:30.400Z", "user": 1, "content_type": 3, "object_id": "30", "object_repr": "1993-1994", "action_flag": 3, "change_message": ""}}, {"model": "admin.logentry", "pk": 179, "fields": {"action_time": "2021-02-05T21:10:30.400Z", "user": 1, "content_type": 3, "object_id": "29", "object_repr": "1994-1995", "action_flag": 3, "change_message": ""}}, {"model": "auth.permission", "pk": 1, "fields": {"name": "Can add league", "content_type": 1, "codename": "add_league"}}, {"model": "auth.permission", "pk": 2, "fields": {"name": "Can change league", "content_type": 1, "codename": "change_league"}}, {"model": "auth.permission", "pk": 3, "fields": {"name": "Can delete league", "content_type": 1, "codename": "delete_league"}}, {"model": "auth.permission", "pk": 4, "fields": {"name": "Can view league", "content_type": 1, "codename": "view_league"}}, {"model": "auth.permission", "pk": 5, "fields": {"name": "Can add team", "content_type": 2, "codename": "add_team"}}, {"model": "auth.permission", "pk": 6, "fields": {"name": "Can change team", "content_type": 2, "codename": "change_team"}}, {"model": "auth.permission", "pk": 7, "fields": {"name": "Can delete team", "content_type": 2, "codename": "delete_team"}}, {"model": "auth.permission", "pk": 8, "fields": {"name": "Can view team", "content_type": 2, "codename": "view_team"}}, {"model": "auth.permission", "pk": 9, "fields": {"name": "Can add season", "content_type": 3, "codename": "add_season"}}, {"model": "auth.permission", "pk": 10, "fields": {"name": "Can change season", "content_type": 3, "codename": "change_season"}}, {"model": "auth.permission", "pk": 11, "fields": {"name": "Can delete season", "content_type": 3, "codename": "delete_season"}}, {"model": "auth.permission", "pk": 12, "fields": {"name": "Can view season", "content_type": 3, "codename": "view_season"}}, {"model": "auth.permission", "pk": 13, "fields": {"name": "Can add log entry", "content_type": 4, "codename": "add_logentry"}}, {"model": "auth.permission", "pk": 14, "fields": {"name": "Can change log entry", "content_type": 4, "codename": "change_logentry"}}, {"model": "auth.permission", "pk": 15, "fields": {"name": "Can delete log entry", "content_type": 4, "codename": "delete_logentry"}}, {"model": "auth.permission", "pk": 16, "fields": {"name": "Can view log entry", "content_type": 4, "codename": "view_logentry"}}, {"model": "auth.permission", "pk": 17, "fields": {"name": "Can add permission", "content_type": 5, "codename": "add_permission"}}, {"model": "auth.permission", "pk": 18, "fields": {"name": "Can change permission", "content_type": 5, "codename": "change_permission"}}, {"model": "auth.permission", "pk": 19, "fields": {"name": "Can delete permission", "content_type": 5, "codename": "delete_permission"}}, {"model": "auth.permission", "pk": 20, "fields": {"name": "Can view permission", "content_type": 5, "codename": "view_permission"}}, {"model": "auth.permission", "pk": 21, "fields": {"name": "Can add group", "content_type": 6, "codename": "add_group"}}, {"model": "auth.permission", "pk": 22, "fields": {"name": "Can change group", "content_type": 6, "codename": "change_group"}}, {"model": "auth.permission", "pk": 23, "fields": {"name": "Can delete group", "content_type": 6, "codename": "delete_group"}}, {"model": "auth.permission", "pk": 24, "fields": {"name": "Can view group", "content_type": 6, "codename": "view_group"}}, {"model": "auth.permission", "pk": 25, "fields": {"name": "Can add user", "content_type": 7, "codename": "add_user"}}, {"model": "auth.permission", "pk": 26, "fields": {"name": "Can change user", "content_type": 7, "codename": "change_user"}}, {"model": "auth.permission", "pk": 27, "fields": {"name": "Can delete user", "content_type": 7, "codename": "delete_user"}}, {"model": "auth.permission", "pk": 28, "fields": {"name": "Can view user", "content_type": 7, "codename": "view_user"}}, {"model": "auth.permission", "pk": 29, "fields": {"name": "Can add content type", "content_type": 8, "codename": "add_contenttype"}}, {"model": "auth.permission", "pk": 30, "fields": {"name": "Can change content type", "content_type": 8, "codename": "change_contenttype"}}, {"model": "auth.permission", "pk": 31, "fields": {"name": "Can delete content type", "content_type": 8, "codename": "delete_contenttype"}}, {"model": "auth.permission", "pk": 32, "fields": {"name": "Can view content type", "content_type": 8, "codename": "view_contenttype"}}, {"model": "auth.permission", "pk": 33, "fields": {"name": "Can add session", "content_type": 9, "codename": "add_session"}}, {"model": "auth.permission", "pk": 34, "fields": {"name": "Can change session", "content_type": 9, "codename": "change_session"}}, {"model": "auth.permission", "pk": 35, "fields": {"name": "Can delete session", "content_type": 9, "codename": "delete_session"}}, {"model": "auth.permission", "pk": 36, "fields": {"name": "Can view session", "content_type": 9, "codename": "view_session"}}, {"model": "auth.user", "pk": 1, "fields": {"password": "pbkdf2_sha256$216000$h0r6OAgGS5ll$9JMLUytfwjKCXUaj33NkH4kf8HTrmTSIZjEFQOUuefM=", "last_login": "2021-01-26T03:06:17.645Z", "is_superuser": true, "username": "admin", "first_name": "", "last_name": "", "email": "erictao04@gmail.com", "is_staff": true, "is_active": true, "date_joined": "2021-01-26T03:06:06.142Z", "groups": [], "user_permissions": []}}, {"model": "sessions.session", "pk": "b49fh7td6bywg2p2o4gnveu8ly9932v4", "fields": {"session_data": ".eJxVjM0OwiAQhN-FsyGUn93i0XufgcAuStXQpLQn47srSQ96m8z3zbxEiPtWwt7yGmYWZzGI02-XIj1y7YDvsd4WSUvd1jnJrsiDNjktnJ-Xw_07KLGVvh6tBfTZJkzm6lExAEFUxMoaZLbsQCuFUSs9fAMQjo5MJuO9ddmJ9wfKCjbi:1l4EgL:QbXHn9XqlSTSqWilfaKJV0QUWyTZozEda1kHIOS6XXQ", "expire_date": "2021-02-09T03:06:17.651Z"}}]